model,pass_rate_with_changes,pass_rate_no_changes,total_count_with_changes,total_count_no_changes
gpt-3.5-turbo,91.69347344082846,69.69793688250851,239.5,239.5
gpt-4o,88.85800076585265,66.6463410745805,239.5,239.5
llama-3-70b-instruct,90.17038897424146,75.88976112745478,239.5,239.5
llama-3-8b-instruct,91.00687769731637,78.80393299408188,239.5,239.5
