language,pass_rate_with_changes,pass_rate_no_changes,total_count_with_changes,total_count_no_changes
c,80.17621145374449,66.29955947136564,227.0,227.0
cpp,86.77606177606177,78.08880308880309,259.0,259.0
csharp,98.08510638297872,84.7872340425532,235.0,235.0
java,91.15720524017468,64.30131004366812,229.0,229.0
javascript,91.96787148594377,78.5140562248996,249.0,249.0
php,95.21604938271605,74.69135802469137,162.0,162.0
python,90.74074074074073,67.37891737891738,351.0,351.0
rust,89.33823529411765,68.01470588235294,204.0,204.0
