language,pass_rate_with_changes,pass_rate_no_changes,total_count_with_changes,total_count_no_changes
c,64.47368421052632,56.66299559471366,190.0,227.0
cpp,77.74261603375527,74.27606177606178,237.0,259.0
csharp,70.04076086956522,70.1063829787234,184.0,235.0
java,84.19421487603306,52.56550218340611,121.0,229.0
javascript,68.50728155339806,63.50401606425703,206.0,249.0
php,78.72983870967741,65.66358024691358,124.0,162.0
python,87.54646840148699,73.46866096866097,269.0,351.0
rust,79.83576642335767,66.66666666666667,137.0,204.0
