model,pass_rate_with_changes,pass_rate_no_changes,total_count_with_changes,total_count_no_changes
gpt-3.5-turbo,74.87897896648708,61.806719391228725,183.5,239.5
gpt-4,72.44328590782942,60.769357846121935,183.5,239.5
gpt-4o,70.61772968341137,59.26526985994743,183.5,239.5
llama-3-70b-instruct,73.4127085533462,61.41304660130359,183.5,239.5
llama-3-8b-instruct,74.24916754198033,63.417982576269274,183.5,239.5
meta/llama-2-13b-chat,81.0294652938814,70.85772398757257,183.5,239.5
meta/llama-2-70b-chat,80.26372875820655,69.47932328219991,183.5,239.5
meta/llama-2-7b-chat,84.17556637265761,75.90444293475976,183.5,239.5
